{
  "total_time": 27.896406664000096,
  "total_frames": 4382,
  "stages": {
    "frame_loading": {
      "total_time": 1.0089051050017588,
      "percent": 3.616613125674484,
      "avg_time": 0.00023023849954398876,
      "p50": 0.00019739549861697014,
      "p95": 0.0003825978996246703,
      "p99": 0.000456569020316237,
      "max": 0.0012485840015870053,
      "count": 4382
    },
    "preprocessing": {
      "total_time": 0.0016625000207568519,
      "percent": 0.005959548987010874,
      "avg_time": 1.5099909362005921e-06,
      "p50": 1.5000005078036338e-06,
      "p95": 1.8749997252598405e-06,
      "p99": 2.125001628883183e-06,
      "max": 9.45899955695495e-06,
      "count": 1101
    },
    "inference": {
      "total_time": 26.877132081026502,
      "percent": 96.34621549918488,
      "avg_time": 0.0061335308263410545,
      "p50": 0.005926114500653057,
      "p95": 0.00822150000021793,
      "p99": 0.009472531250139582,
      "max": 0.11926370800210861,
      "count": 4382
    },
    "postprocessing": {
      "total_time": 0.004042657990794396,
      "percent": 0.01449168001989083,
      "avg_time": 9.225600161557271e-07,
      "p50": 6.250011210795492e-07,
      "p95": 2.0420011423993856e-06,
      "p99": 2.3749998945277184e-06,
      "max": 9.208000847138464e-06,
      "count": 4382
    },
    "output": {
      "total_time": 0.004664319960284047,
      "percent": 0.016720146133743036,
      "avg_time": 4.236439564290687e-06,
      "p50": 4.1669991333037615e-06,
      "p95": 5.166999471839517e-06,
      "p99": 5.957997927907854e-06,
      "max": 1.1749998520826921e-05,
      "count": 1101
    }
  },
  "bottleneck": {
    "stage": "inference",
    "percent": 96.34621549918488
  }
}