{
  "total_time": 27.98084503400969,
  "total_frames": 1383,
  "stages": {
    "frame_loading": {
      "total_time": 0.34466722188153653,
      "percent": 1.2317970435224745,
      "avg_time": 0.0002492170801746468,
      "p50": 0.00022525000167661346,
      "p95": 0.00039257050193555184,
      "p99": 0.00042543055722489955,
      "max": 0.0007294579991139472,
      "count": 1383
    },
    "preprocessing": {
      "total_time": 0.0010402440166217275,
      "percent": 0.0037177005031740432,
      "avg_time": 1.5032427985863114e-06,
      "p50": 1.5000005078036338e-06,
      "p95": 1.8749997252598405e-06,
      "p99": 2.1287813433446e-06,
      "max": 5.709000106435269e-06,
      "count": 692
    },
    "inference": {
      "total_time": 27.630813461037178,
      "percent": 98.74903144437897,
      "avg_time": 0.01997889621188516,
      "p50": 0.020293792000302346,
      "p95": 0.020716937500765198,
      "p99": 0.02178712400051155,
      "max": 0.02306156250051572,
      "count": 1383
    },
    "postprocessing": {
      "total_time": 0.0017988411018450279,
      "percent": 0.006428830507651227,
      "avg_time": 1.300680478557504e-06,
      "p50": 1.3749995559919626e-06,
      "p95": 2.1668984118150547e-06,
      "p99": 3.5113778722007012e-06,
      "max": 2.412499816273339e-05,
      "count": 1383
    },
    "output": {
      "total_time": 0.0025252659725083504,
      "percent": 0.009024981087736922,
      "avg_time": 3.6492282839716047e-06,
      "p50": 3.583001671358943e-06,
      "p95": 4.1669991333037615e-06,
      "p99": 6.253690298763105e-06,
      "max": 1.7292000848101452e-05,
      "count": 692
    }
  },
  "bottleneck": {
    "stage": "inference",
    "percent": 98.74903144437897
  }
}