{
  "total_time": 28.110561109977425,
  "total_frames": 2702,
  "stages": {
    "frame_loading": {
      "total_time": 9.642477143926953,
      "percent": 34.30197321996714,
      "avg_time": 0.003568644390794579,
      "p50": 0.00039354200089292135,
      "p95": 0.016177446448273253,
      "p99": 0.024613567908127142,
      "max": 0.06608820800101967,
      "count": 2702
    },
    "preprocessing": {
      "total_time": 0.0010698729820433073,
      "percent": 0.003805946732466937,
      "avg_time": 1.5595816064771244e-06,
      "p50": 1.5000005078036338e-06,
      "p95": 1.958000211743638e-06,
      "p99": 2.339299498999025e-06,
      "max": 2.316699828952551e-05,
      "count": 686
    },
    "inference": {
      "total_time": 18.462266332997388,
      "percent": 65.67733123777626,
      "avg_time": 0.0068328150751285665,
      "p50": 0.006473385500612494,
      "p95": 0.009306625000135682,
      "p99": 0.01180769774964574,
      "max": 0.10904120900158887,
      "count": 2702
    },
    "postprocessing": {
      "total_time": 0.002607431022624951,
      "percent": 0.009275627805591836,
      "avg_time": 9.65000378469634e-07,
      "p50": 7.079979695845395e-07,
      "p95": 2.2079984773881733e-06,
      "p99": 2.624578191898754e-06,
      "max": 8.582999726058915e-06,
      "count": 2702
    },
    "output": {
      "total_time": 0.002140329048415879,
      "percent": 0.007613967718546184,
      "avg_time": 3.1200131901106106e-06,
      "p50": 3.083001502091065e-06,
      "p95": 3.832999937003478e-06,
      "p99": 4.37500057159923e-06,
      "max": 6.250000296859071e-06,
      "count": 686
    }
  },
  "bottleneck": {
    "stage": "inference",
    "percent": 65.67733123777626
  }
}