{
  "total_time": 18.102768855031172,
  "total_frames": 1737,
  "stages": {
    "frame_loading": {
      "total_time": 5.9479938289223355,
      "percent": 32.85681807327089,
      "avg_time": 0.0034242912083605847,
      "p50": 0.00038029099960112944,
      "p95": 0.016585958601353902,
      "p99": 0.02462666311985229,
      "max": 0.06977333299801103,
      "count": 1737
    },
    "preprocessing": {
      "total_time": 0.000874914025189355,
      "percent": 0.004833039808416912,
      "avg_time": 1.9839320299078345e-06,
      "p50": 1.915999746415764e-06,
      "p95": 2.4170003598555923e-06,
      "p99": 2.624998160172254e-06,
      "max": 3.474999903119169e-05,
      "count": 441
    },
    "inference": {
      "total_time": 12.150950913008273,
      "percent": 67.12205746156476,
      "avg_time": 0.006995366098450359,
      "p50": 0.006551562499225838,
      "p95": 0.009606362600425192,
      "p99": 0.01175665869082877,
      "max": 0.10922587499953806,
      "count": 1737
    },
    "postprocessing": {
      "total_time": 0.0015837400387681555,
      "percent": 0.0087486066438284,
      "avg_time": 9.117674374025074e-07,
      "p50": 6.659975042566657e-07,
      "p95": 2.082997525576502e-06,
      "p99": 2.5000008463393897e-06,
      "max": 8.458999218419194e-06,
      "count": 1737
    },
    "output": {
      "total_time": 0.0013654590366058983,
      "percent": 0.007542818712102188,
      "avg_time": 3.096278994571198e-06,
      "p50": 3.082997864112258e-06,
      "p95": 3.791999915847555e-06,
      "p99": 4.2163992475252615e-06,
      "max": 5.000001692678779e-06,
      "count": 441
    }
  },
  "bottleneck": {
    "stage": "inference",
    "percent": 67.12205746156476
  }
}