{
  "total_time": 18.12833446483637,
  "total_frames": 1731,
  "stages": {
    "frame_loading": {
      "total_time": 5.45513193388615,
      "percent": 30.091743642900564,
      "avg_time": 0.003151433815069989,
      "p50": 0.0002993339985550847,
      "p95": 0.018368478999036597,
      "p99": 0.026488653599517423,
      "max": 0.07866124999782187,
      "count": 1731
    },
    "preprocessing": {
      "total_time": 0.00044709197027259506,
      "percent": 0.0024662605996144974,
      "avg_time": 1.894457501155064e-06,
      "p50": 1.729500581859611e-06,
      "p95": 2.4685004973434843e-06,
      "p99": 2.860299900930841e-06,
      "max": 2.5875000574160367e-05,
      "count": 236
    },
    "inference": {
      "total_time": 12.670883075992606,
      "percent": 69.89546171806565,
      "avg_time": 0.0073199786689731984,
      "p50": 0.006839601214129029,
      "p95": 0.010124895497938269,
      "p99": 0.013463609375094165,
      "max": 0.11333149999700254,
      "count": 1731
    },
    "postprocessing": {
      "total_time": 0.0011141980321554001,
      "percent": 0.006146168774172918,
      "avg_time": 6.436730399511266e-07,
      "p50": 3.749992174562067e-07,
      "p95": 2.0000006770715117e-06,
      "p99": 2.4876982934074495e-06,
      "max": 7.875001756474376e-06,
      "count": 1731
    },
    "output": {
      "total_time": 0.0007581649551866576,
      "percent": 0.004182209660006407,
      "avg_time": 3.21256336943499e-06,
      "p50": 3.1669987947680056e-06,
      "p95": 3.916998139175121e-06,
      "p99": 4.1523002437315885e-06,
      "max": 9.583996870787814e-06,
      "count": 236
    }
  },
  "bottleneck": {
    "stage": "inference",
    "percent": 69.89546171806565
  }
}