{
  "total_time": 18.079247601952375,
  "total_frames": 1730,
  "stages": {
    "frame_loading": {
      "total_time": 1.925780085988663,
      "percent": 10.651881806080791,
      "avg_time": 0.0011131676797622328,
      "p50": 0.0002252294998470461,
      "p95": 0.006716806551776244,
      "p99": 0.011946795431649662,
      "max": 0.09180625000226428,
      "count": 1730
    },
    "preprocessing": {
      "total_time": 0.0013823630106344353,
      "percent": 0.007646131305183044,
      "avg_time": 7.99053763372506e-07,
      "p50": 7.500020728912205e-07,
      "p95": 1.2499986041802913e-06,
      "p99": 1.5420009731315076e-06,
      "max": 6.792000931454822e-06,
      "count": 1730
    },
    "inference": {
      "total_time": 16.146079763952002,
      "percent": 89.30725503315962,
      "avg_time": 0.00933299408320925,
      "p50": 0.008610479000708438,
      "p95": 0.01417589594839228,
      "p99": 0.021795307641114054,
      "max": 0.12994262500069453,
      "count": 1730
    },
    "postprocessing": {
      "total_time": 0.0023531100450782105,
      "percent": 0.013015530827865305,
      "avg_time": 1.3601792168082142e-06,
      "p50": 1.2500022421590984e-06,
      "p95": 1.7910024325829e-06,
      "p99": 2.279819273098839e-06,
      "max": 7.912499859230593e-05,
      "count": 1730
    },
    "output": {
      "total_time": 0.003652278955996735,
      "percent": 0.020201498626537567,
      "avg_time": 2.111143905200425e-06,
      "p50": 2.0419975044205785e-06,
      "p95": 2.91700052912347e-06,
      "p99": 3.917000867659226e-06,
      "max": 7.624999852851033e-06,
      "count": 1730
    }
  },
  "bottleneck": {
    "stage": "inference",
    "percent": 89.30725503315962
  }
}