{
  "total_time": 18.113740749875433,
  "total_frames": 1737,
  "stages": {
    "frame_loading": {
      "total_time": 5.73094525299166,
      "percent": 31.638662229562225,
      "avg_time": 0.003299335206097674,
      "p50": 0.00032533400008105673,
      "p95": 0.01662800800040712,
      "p99": 0.024252163240889697,
      "max": 0.07463754199852701,
      "count": 1737
    },
    "preprocessing": {
      "total_time": 0.0005677900298906025,
      "percent": 0.0031345818499390146,
      "avg_time": 1.6315805456626508e-06,
      "p50": 1.5830009942874312e-06,
      "p95": 2.1250003555906006e-06,
      "p99": 2.4664989541633916e-06,
      "max": 9.333998605143279e-06,
      "count": 348
    },
    "inference": {
      "total_time": 12.379591269982484,
      "percent": 68.34364828848297,
      "avg_time": 0.007126995549788419,
      "p50": 0.006446858400158817,
      "p95": 0.009410676999777934,
      "p99": 0.020782313001545604,
      "max": 0.10119658400071785,
      "count": 1737
    },
    "postprocessing": {
      "total_time": 0.0014970139018259943,
      "percent": 0.00826452096503749,
      "avg_time": 8.618387460138136e-07,
      "p50": 5.830006557516754e-07,
      "p95": 2.2500025806948543e-06,
      "p99": 2.609881630633021e-06,
      "max": 6.791000487282872e-06,
      "count": 1737
    },
    "output": {
      "total_time": 0.001139422969572479,
      "percent": 0.006290379139826844,
      "avg_time": 3.2742039355531e-06,
      "p50": 3.249999281251803e-06,
      "p95": 4.042001819470897e-06,
      "p99": 4.56325815321179e-06,
      "max": 1.0791998647619039e-05,
      "count": 348
    }
  },
  "bottleneck": {
    "stage": "inference",
    "percent": 68.34364828848297
  }
}