{
  "total_time": 18.06450028911786,
  "total_frames": 1714,
  "stages": {
    "frame_loading": {
      "total_time": 3.6306877080387494,
      "percent": 20.098467435746855,
      "avg_time": 0.002118254205390169,
      "p50": 0.00033189550231327303,
      "p95": 0.011380443650523375,
      "p99": 0.016573477458332486,
      "max": 0.06476412499978323,
      "count": 1714
    },
    "preprocessing": {
      "total_time": 0.0009419149682798889,
      "percent": 0.00521417671789849,
      "avg_time": 1.0939778957954575e-06,
      "p50": 1.0000003385357559e-06,
      "p95": 1.7080019460991025e-06,
      "p99": 2.249998942716047e-06,
      "max": 6.665999535471201e-06,
      "count": 861
    },
    "inference": {
      "total_time": 14.428113541966013,
      "percent": 79.86998428435675,
      "avg_time": 0.008417802533235713,
      "p50": 0.007531666498834966,
      "p95": 0.013617208500363631,
      "p99": 0.0195531498358285,
      "max": 0.19103331249971234,
      "count": 1714
    },
    "postprocessing": {
      "total_time": 0.002098276101605734,
      "percent": 0.011615467176082061,
      "avg_time": 1.2241984256742905e-06,
      "p50": 1.2499986041802913e-06,
      "p95": 2.125001628883183e-06,
      "p99": 2.6615390379447444e-06,
      "max": 1.0292002116329968e-05,
      "count": 1714
    },
    "output": {
      "total_time": 0.0026588480432110373,
      "percent": 0.01471863600241818,
      "avg_time": 3.088092965401902e-06,
      "p50": 2.958000550279394e-06,
      "p95": 4.082998202648014e-06,
      "p99": 5.800399230793106e-06,
      "max": 2.2917000023880973e-05,
      "count": 861
    }
  },
  "bottleneck": {
    "stage": "inference",
    "percent": 79.86998428435675
  }
}