{
  "total_time": 27.662936974014883,
  "total_frames": 4347,
  "stages": {
    "frame_loading": {
      "total_time": 1.1025591331090254,
      "percent": 3.9856907968402333,
      "avg_time": 0.0002536367916054809,
      "p50": 0.00019933300063712522,
      "p95": 0.00038278770080069075,
      "p99": 0.00047227132025000156,
      "max": 0.07748720800009323,
      "count": 4347
    },
    "preprocessing": {
      "total_time": 0.0014406249501917046,
      "percent": 0.005207780184529764,
      "avg_time": 1.3192536173916708e-06,
      "p50": 1.2919990695081651e-06,
      "p95": 1.7499987734481692e-06,
      "p99": 2.0000006770715117e-06,
      "max": 6.2920007621869445e-06,
      "count": 1092
    },
    "inference": {
      "total_time": 26.550182710019726,
      "percent": 95.97745436415367,
      "avg_time": 0.0061077024867770245,
      "p50": 0.005922541749896482,
      "p95": 0.00830304169976443,
      "p99": 0.00960728125028254,
      "max": 0.1340764170017792,
      "count": 4347
    },
    "postprocessing": {
      "total_time": 0.004019968891952885,
      "percent": 0.014531967071063474,
      "avg_time": 9.247685511738866e-07,
      "p50": 6.250011210795492e-07,
      "p95": 2.0419975044205785e-06,
      "p99": 2.4165418290067463e-06,
      "max": 9.250001312466338e-06,
      "count": 4347
    },
    "output": {
      "total_time": 0.004734537043987075,
      "percent": 0.017115091750505202,
      "avg_time": 4.335656633687797e-06,
      "p50": 4.292000085115433e-06,
      "p95": 5.249999958323315e-06,
      "p99": 5.93203134485519e-06,
      "max": 1.5833000361453742e-05,
      "count": 1092
    }
  },
  "bottleneck": {
    "stage": "inference",
    "percent": 95.97745436415367
  }
}