{
  "total_time": 28.193384395170142,
  "total_frames": 2657,
  "stages": {
    "frame_loading": {
      "total_time": 9.581982492079987,
      "percent": 33.986634445070365,
      "avg_time": 0.0036063163312307065,
      "p50": 0.0004106660016987007,
      "p95": 0.01673642500099956,
      "p99": 0.024242947039892906,
      "max": 0.0641612500003248,
      "count": 2657
    },
    "preprocessing": {
      "total_time": 0.0013805819617118686,
      "percent": 0.004896829491490133,
      "avg_time": 2.0392643452169402e-06,
      "p50": 1.9999970390927047e-06,
      "p95": 2.5420013116672635e-06,
      "p99": 3.353919455548749e-06,
      "max": 2.1374999050749466e-05,
      "count": 677
    },
    "inference": {
      "total_time": 18.60522380702605,
      "percent": 65.99145227209169,
      "avg_time": 0.007002342418903293,
      "p50": 0.006503447750219493,
      "p95": 0.009705229250357661,
      "p99": 0.013578744358674266,
      "max": 0.09777958300037426,
      "count": 2657
    },
    "postprocessing": {
      "total_time": 0.002632024112244835,
      "percent": 0.009335608933476364,
      "avg_time": 9.90599966972087e-07,
      "p50": 6.67001586407423e-07,
      "p95": 2.249998942716047e-06,
      "p99": 2.749999111983925e-06,
      "max": 1.3667002349393442e-05,
      "count": 2657
    },
    "output": {
      "total_time": 0.002165489990147762,
      "percent": 0.007680844412984827,
      "avg_time": 3.1986558200114652e-06,
      "p50": 3.1249983294401318e-06,
      "p95": 3.95800088881515e-06,
      "p99": 4.686161846620962e-06,
      "max": 1.0125000699190423e-05,
      "count": 677
    }
  },
  "bottleneck": {
    "stage": "inference",
    "percent": 65.99145227209169
  }
}