{
  "total_time": 28.175178019890154,
  "total_frames": 1245,
  "stages": {
    "frame_loading": {
      "total_time": 15.191656988943578,
      "percent": 53.91858386207565,
      "avg_time": 0.012192341082619244,
      "p50": 0.007153562999519636,
      "p95": 0.033889364748574735,
      "p99": 0.03408444619853981,
      "max": 0.03637762500147801,
      "count": 1246
    },
    "preprocessing": {
      "total_time": 0.0010021619928011205,
      "percent": 0.003556896755341344,
      "avg_time": 2.3469835896981743e-06,
      "p50": 2.2500025806948543e-06,
      "p95": 3.042000389541499e-06,
      "p99": 3.746419315575625e-06,
      "max": 2.1583000489044935e-05,
      "count": 427
    },
    "inference": {
      "total_time": 12.979678826992313,
      "percent": 46.067779297896045,
      "avg_time": 0.010425444840957681,
      "p50": 0.008882416666892823,
      "p95": 0.01615145540005566,
      "p99": 0.03012027099975967,
      "max": 0.09204133300227113,
      "count": 1245
    },
    "postprocessing": {
      "total_time": 0.0015223259906633757,
      "percent": 0.00540307496757854,
      "avg_time": 1.222751799729619e-06,
      "p50": 9.169998520519584e-07,
      "p95": 2.4170003598555923e-06,
      "p99": 2.916560333687812e-06,
      "max": 1.208300091093406e-05,
      "count": 1245
    },
    "output": {
      "total_time": 0.001317715970799327,
      "percent": 0.004676868305389555,
      "avg_time": 3.0859858800921006e-06,
      "p50": 3.082997864112258e-06,
      "p95": 3.749999450519681e-06,
      "p99": 4.1669991333037615e-06,
      "max": 8.584000170230865e-06,
      "count": 427
    }
  },
  "bottleneck": {
    "stage": "frame_loading",
    "percent": 53.91858386207565
  }
}