{
  "total_time": 28.271433869020257,
  "total_frames": 833,
  "stages": {
    "frame_loading": {
      "total_time": 17.079197634036973,
      "percent": 60.41150128134216,
      "avg_time": 0.02050323845622686,
      "p50": 0.016463500000099884,
      "p95": 0.03566959220042918,
      "p99": 0.03694256856164429,
      "max": 0.0677378750006028,
      "count": 833
    },
    "preprocessing": {
      "total_time": 0.0012269149810890667,
      "percent": 0.004339769205811369,
      "avg_time": 2.94931485838718e-06,
      "p50": 2.6249999791616574e-06,
      "p95": 5.499750841408968e-06,
      "p99": 7.491049109376043e-06,
      "max": 1.300000076298602e-05,
      "count": 416
    },
    "inference": {
      "total_time": 11.188315133975266,
      "percent": 39.574629238156135,
      "avg_time": 0.01343135070105074,
      "p50": 0.012715229500827263,
      "p95": 0.020346408401383076,
      "p99": 0.03223239574981562,
      "max": 0.10533366600066074,
      "count": 833
    },
    "postprocessing": {
      "total_time": 0.0013408500344667118,
      "percent": 0.004742773361545029,
      "avg_time": 1.6096639069228233e-06,
      "p50": 1.333999534836039e-06,
      "p95": 2.959000994451344e-06,
      "p99": 3.5984395071864086e-06,
      "max": 2.358299752813764e-05,
      "count": 833
    },
    "output": {
      "total_time": 0.0013533359924622346,
      "percent": 0.004786937934355058,
      "avg_time": 3.25321152034191e-06,
      "p50": 3.1249983294401318e-06,
      "p95": 4.270749741408508e-06,
      "p99": 8.676701509102736e-06,
      "max": 1.2207998224766925e-05,
      "count": 416
    }
  },
  "bottleneck": {
    "stage": "frame_loading",
    "percent": 60.41150128134216
  }
}