{
  "total_time": 28.08003879082753,
  "total_frames": 2650,
  "stages": {
    "frame_loading": {
      "total_time": 9.902559257960093,
      "percent": 35.26547570580568,
      "avg_time": 0.0037368148143245633,
      "p50": 0.0004150835011387244,
      "p95": 0.016846906100909085,
      "p99": 0.025511584832056542,
      "max": 0.05508304099930683,
      "count": 2650
    },
    "preprocessing": {
      "total_time": 0.0009446560288779438,
      "percent": 0.003364154999623861,
      "avg_time": 1.403649374261432e-06,
      "p50": 1.3749995559919626e-06,
      "p95": 1.8083992472384117e-06,
      "p99": 2.0000006770715117e-06,
      "max": 5.957997927907854e-06,
      "count": 673
    },
    "inference": {
      "total_time": 18.17185469798642,
      "percent": 64.71449285861506,
      "avg_time": 0.006857303659617516,
      "p50": 0.006573010500687815,
      "p95": 0.009320666500570951,
      "p99": 0.011265833500146982,
      "max": 0.1152419589998317,
      "count": 2650
    },
    "postprocessing": {
      "total_time": 0.002511332855647197,
      "percent": 0.008943480720787092,
      "avg_time": 9.476727757159234e-07,
      "p50": 6.660011422354728e-07,
      "p95": 2.167002094211057e-06,
      "p99": 2.5209108571289012e-06,
      "max": 8.83299799170345e-06,
      "count": 2650
    },
    "output": {
      "total_time": 0.0021688459964934736,
      "percent": 0.007723799858858944,
      "avg_time": 3.222653783794166e-06,
      "p50": 3.1669987947680056e-06,
      "p95": 3.915998240699991e-06,
      "p99": 4.34476023656316e-06,
      "max": 1.0833999112946913e-05,
      "count": 673
    }
  },
  "bottleneck": {
    "stage": "inference",
    "percent": 64.71449285861506
  }
}