{
  "total_time": 18.069165034950856,
  "total_frames": 738,
  "stages": {
    "frame_loading": {
      "total_time": 0.23104228399824933,
      "percent": 1.27865501007572,
      "avg_time": 0.00031306542547188256,
      "p50": 0.0002112079982907744,
      "p95": 0.00043540180067793685,
      "p99": 0.0006927674587132057,
      "max": 0.04106799999863142,
      "count": 738
    },
    "preprocessing": {
      "total_time": 0.00048062700443551876,
      "percent": 0.0026599292413669955,
      "avg_time": 1.618272742207134e-06,
      "p50": 1.45800004247576e-06,
      "p95": 2.050200419034808e-06,
      "p99": 3.1676785147283234e-06,
      "max": 3.137499879812822e-05,
      "count": 297
    },
    "inference": {
      "total_time": 17.83578083496468,
      "percent": 98.70838414760867,
      "avg_time": 0.024167724708624227,
      "p50": 0.020349604000330146,
      "p95": 0.0402288463995319,
      "p99": 0.11164045824989444,
      "max": 0.12243433299954631,
      "count": 738
    },
    "postprocessing": {
      "total_time": 0.0008357869919564109,
      "percent": 0.004625487621258444,
      "avg_time": 1.1325026991279281e-06,
      "p50": 8.329989213962108e-07,
      "p95": 2.2500025806948543e-06,
      "p99": 2.943090657936409e-06,
      "max": 6.624999514315277e-06,
      "count": 738
    },
    "output": {
      "total_time": 0.0010255019915348385,
      "percent": 0.005675425452981522,
      "avg_time": 3.4528686583664595e-06,
      "p50": 3.0419978429563344e-06,
      "p95": 4.166198777966201e-06,
      "p99": 8.583319286117372e-06,
      "max": 6.308299998636357e-05,
      "count": 297
    }
  },
  "bottleneck": {
    "stage": "inference",
    "percent": 98.70838414760867
  }
}