{
  "total_time": 18.190482367961522,
  "total_frames": 522,
  "stages": {
    "frame_loading": {
      "total_time": 0.2225862909835996,
      "percent": 1.2236414982355595,
      "avg_time": 0.00042641051912566976,
      "p50": 0.0002085210016957717,
      "p95": 0.00041502535004838136,
      "p99": 0.000490188212497741,
      "max": 0.09115187499992317,
      "count": 522
    },
    "preprocessing": {
      "total_time": 0.0003598340008466039,
      "percent": 0.001978144359054333,
      "avg_time": 1.713495242126685e-06,
      "p50": 1.5830009942874312e-06,
      "p95": 2.0000006770715117e-06,
      "p99": 2.2014421483618205e-06,
      "max": 2.5707999157020822e-05,
      "count": 210
    },
    "inference": {
      "total_time": 17.96628374499778,
      "percent": 98.76749489964809,
      "avg_time": 0.034418168093865484,
      "p50": 0.03435993749917543,
      "p95": 0.039721031250337546,
      "p99": 0.043900354250581586,
      "max": 0.11089824999726261,
      "count": 522
    },
    "postprocessing": {
      "total_time": 0.0005810409820696805,
      "percent": 0.0031942032669405986,
      "avg_time": 1.1131053296354032e-06,
      "p50": 7.919989002402872e-07,
      "p95": 2.2080021153669804e-06,
      "p99": 2.7657501414068927e-06,
      "max": 6.583999493159354e-06,
      "count": 522
    },
    "output": {
      "total_time": 0.0006714569972245954,
      "percent": 0.0036912544903548966,
      "avg_time": 3.1974142724980733e-06,
      "p50": 3.2079988159239292e-06,
      "p95": 3.9579972508363426e-06,
      "p99": 4.371220529719721e-06,
      "max": 5.249999958323315e-06,
      "count": 210
    }
  },
  "bottleneck": {
    "stage": "inference",
    "percent": 98.76749489964809
  }
}