{
  "total_time": 17.94509324696992,
  "total_frames": 1232,
  "stages": {
    "frame_loading": {
      "total_time": 0.3953701329883188,
      "percent": 2.203221390644366,
      "avg_time": 0.00032091731573727177,
      "p50": 0.00020024999867018778,
      "p95": 0.00039293544959946304,
      "p99": 0.0005094465219735866,
      "max": 0.09887816699847463,
      "count": 1232
    },
    "preprocessing": {
      "total_time": 0.0005715440202038735,
      "percent": 0.003184959879215899,
      "avg_time": 1.26447792080503e-06,
      "p50": 1.229500412591733e-06,
      "p95": 1.7500024114269763e-06,
      "p99": 2.02058090508217e-06,
      "max": 6.207999831531197e-06,
      "count": 452
    },
    "inference": {
      "total_time": 17.546493925023242,
      "percent": 97.7787837797166,
      "avg_time": 0.014242284030051332,
      "p50": 0.01306933325031423,
      "p95": 0.017558270749759686,
      "p99": 0.03252418066646593,
      "max": 0.11524454200116452,
      "count": 1232
    },
    "postprocessing": {
      "total_time": 0.001312323940510396,
      "percent": 0.007312995939611435,
      "avg_time": 1.0651980036610356e-06,
      "p50": 7.910020940471441e-07,
      "p95": 2.125001628883183e-06,
      "p99": 2.5579603607184297e-06,
      "max": 5.832996976096183e-06,
      "count": 1232
    },
    "output": {
      "total_time": 0.0013453209976432845,
      "percent": 0.007496873820204004,
      "avg_time": 2.9763738885913376e-06,
      "p50": 2.895500074373558e-06,
      "p95": 3.847251900879199e-06,
      "p99": 5.366660916479312e-06,
      "max": 9.499999578110874e-06,
      "count": 452
    }
  },
  "bottleneck": {
    "stage": "inference",
    "percent": 97.7787837797166
  }
}