{
  "total_time": 18.107015884019347,
  "total_frames": 353,
  "stages": {
    "frame_loading": {
      "total_time": 0.17257694601721596,
      "percent": 0.9530943537169295,
      "avg_time": 0.0004888865326266741,
      "p50": 0.00021854100123164244,
      "p95": 0.00041799960090429513,
      "p99": 0.000572948159533554,
      "max": 0.08212912499948288,
      "count": 353
    },
    "preprocessing": {
      "total_time": 0.0002316639911441598,
      "percent": 0.0012794156288812822,
      "avg_time": 1.5341986168487405e-06,
      "p50": 1.5000005078036338e-06,
      "p95": 1.8749997252598405e-06,
      "p99": 2.0205006876494735e-06,
      "max": 6.1250029830262065e-06,
      "count": 151
    },
    "inference": {
      "total_time": 17.933308790023148,
      "percent": 99.04066415411107,
      "avg_time": 0.050802574475986254,
      "p50": 0.05117657299979328,
      "p95": 0.057621197999651486,
      "p99": 0.08129313550034567,
      "max": 0.11494558299818891,
      "count": 353
    },
    "postprocessing": {
      "total_time": 0.0004130280030949507,
      "percent": 0.0022810384976768893,
      "avg_time": 1.170051000268982e-06,
      "p50": 7.919989002402872e-07,
      "p95": 2.3077991500031195e-06,
      "p99": 3.6866789741907276e-06,
      "max": 5.1249990065116435e-06,
      "count": 353
    },
    "output": {
      "total_time": 0.00048545598474447615,
      "percent": 0.002681038045440296,
      "avg_time": 3.214940296321034e-06,
      "p50": 3.2079988159239292e-06,
      "p95": 3.875000402331352e-06,
      "p99": 4.291499863029458e-06,
      "max": 1.0125000699190423e-05,
      "count": 151
    }
  },
  "bottleneck": {
    "stage": "inference",
    "percent": 99.04066415411107
  }
}