{
  "total_time": 18.051869021030143,
  "total_frames": 1692,
  "stages": {
    "frame_loading": {
      "total_time": 5.713261574997887,
      "percent": 31.649141528459058,
      "avg_time": 0.0033766321365235738,
      "p50": 0.0003855210015899502,
      "p95": 0.01680220814923813,
      "p99": 0.02506401377846484,
      "max": 0.04600179199769627,
      "count": 1692
    },
    "preprocessing": {
      "total_time": 0.0006160449811432045,
      "percent": 0.003412638217270033,
      "avg_time": 1.4227366770050912e-06,
      "p50": 1.3749995559919626e-06,
      "p95": 1.8749997252598405e-06,
      "p99": 2.236558793811128e-06,
      "max": 6.250000296859071e-06,
      "count": 433
    },
    "inference": {
      "total_time": 12.335020843016537,
      "percent": 68.33099015202487,
      "avg_time": 0.007290201443863201,
      "p50": 0.006544312500409433,
      "p95": 0.009861437500148895,
      "p99": 0.01604562500051543,
      "max": 0.10138922925034421,
      "count": 1692
    },
    "postprocessing": {
      "total_time": 0.001589264014910441,
      "percent": 0.008803875172476454,
      "avg_time": 9.392813326893859e-07,
      "p50": 6.660011422354728e-07,
      "p95": 2.124997990904376e-06,
      "p99": 2.541090907470789e-06,
      "max": 8.208000508602709e-06,
      "count": 1692
    },
    "output": {
      "total_time": 0.001381294019665802,
      "percent": 0.0076518061263164275,
      "avg_time": 3.1900554726692886e-06,
      "p50": 3.125001967418939e-06,
      "p95": 4.041400097776205e-06,
      "p99": 4.52788153779693e-06,
      "max": 5.875001079402864e-06,
      "count": 433
    }
  },
  "bottleneck": {
    "stage": "inference",
    "percent": 68.33099015202487
  }
}