{
  "total_time": 18.099998599136597,
  "total_frames": 1735,
  "stages": {
    "frame_loading": {
      "total_time": 5.963440639021428,
      "percent": 32.94718840092007,
      "avg_time": 0.003437141578686702,
      "p50": 0.00038554099955945276,
      "p95": 0.01633402500010561,
      "p99": 0.023862480220850572,
      "max": 0.09486370900049224,
      "count": 1735
    },
    "preprocessing": {
      "total_time": 0.0006498380134871695,
      "percent": 0.003590265545756274,
      "avg_time": 1.4735555861387063e-06,
      "p50": 1.45800004247576e-06,
      "p95": 1.915999746415764e-06,
      "p99": 2.0672014215961107e-06,
      "max": 6.2499966588802636e-06,
      "count": 441
    },
    "inference": {
      "total_time": 12.132832903971575,
      "percent": 67.03223117680426,
      "avg_time": 0.006992987264536931,
      "p50": 0.0065094687497548875,
      "p95": 0.010082146000058856,
      "p99": 0.012478281249968859,
      "max": 0.1319710000025225,
      "count": 1735
    },
    "postprocessing": {
      "total_time": 0.001682921119936509,
      "percent": 0.009297907459599401,
      "avg_time": 9.699833544302646e-07,
      "p50": 6.669979484286159e-07,
      "p95": 2.249998942716047e-06,
      "p99": 2.624998160172254e-06,
      "max": 9.584000508766621e-06,
      "count": 1735
    },
    "output": {
      "total_time": 0.0013922970101702958,
      "percent": 0.0076922492703215516,
      "avg_time": 3.157136077483664e-06,
      "p50": 3.1249983294401318e-06,
      "p95": 3.832999937003478e-06,
      "p99": 5.008201696909971e-06,
      "max": 1.0291998478351161e-05,
      "count": 441
    }
  },
  "bottleneck": {
    "stage": "inference",
    "percent": 67.03223117680426
  }
}