{
  "total_time": 17.98166027408297,
  "total_frames": 1733,
  "stages": {
    "frame_loading": {
      "total_time": 5.861182845059375,
      "percent": 32.59533744782799,
      "avg_time": 0.0033821020456199506,
      "p50": 0.0003712920006364584,
      "p95": 0.01690773339796577,
      "p99": 0.023971678118687126,
      "max": 0.027538749996892875,
      "count": 1733
    },
    "preprocessing": {
      "total_time": 0.0006888900061312597,
      "percent": 0.0038310700771283027,
      "avg_time": 1.565659104843772e-06,
      "p50": 1.5410005289595574e-06,
      "p95": 1.961050475074442e-06,
      "p99": 2.3512595362262823e-06,
      "max": 7.833998097339645e-06,
      "count": 440
    },
    "inference": {
      "total_time": 12.116741878038738,
      "percent": 67.38388832483194,
      "avg_time": 0.006991772578210466,
      "p50": 0.00649788524970063,
      "p95": 0.009793187499781197,
      "p99": 0.012401270999362168,
      "max": 0.11439291699934984,
      "count": 1733
    },
    "postprocessing": {
      "total_time": 0.0015968689986038953,
      "percent": 0.008880542587635628,
      "avg_time": 9.214477776133268e-07,
      "p50": 6.67001586407423e-07,
      "p95": 2.0000006770715117e-06,
      "p99": 2.3749998945277184e-06,
      "max": 1.1707998055499047e-05,
      "count": 1733
    },
    "output": {
      "total_time": 0.0014497919801215176,
      "percent": 0.00806261467530397,
      "avg_time": 3.294981773003449e-06,
      "p50": 3.249999281251803e-06,
      "p95": 3.999997898063157e-06,
      "p99": 4.35862039012136e-06,
      "max": 6.084002961870283e-06,
      "count": 440
    }
  },
  "bottleneck": {
    "stage": "inference",
    "percent": 67.38388832483194
  }
}