{
  "total_time": 18.092739769024774,
  "total_frames": 1735,
  "stages": {
    "frame_loading": {
      "total_time": 5.983916953988228,
      "percent": 33.07358106279097,
      "avg_time": 0.0034489434893303908,
      "p50": 0.00039112500235205516,
      "p95": 0.016556266800034792,
      "p99": 0.02476017727945873,
      "max": 0.08586804100195877,
      "count": 1735
    },
    "preprocessing": {
      "total_time": 0.0006393370022124145,
      "percent": 0.0035336660471233633,
      "avg_time": 1.4497437691891485e-06,
      "p50": 1.3750031939707696e-06,
      "p95": 1.8339997041039169e-06,
      "p99": 2.532800863264136e-06,
      "max": 1.2542001059046015e-05,
      "count": 441
    },
    "inference": {
      "total_time": 12.105239128009998,
      "percent": 66.90661161630408,
      "avg_time": 0.006977083070899134,
      "p50": 0.0064789167499839095,
      "p95": 0.009865958249974938,
      "p99": 0.012301260249842016,
      "max": 0.11184629200215568,
      "count": 1735
    },
    "postprocessing": {
      "total_time": 0.0016062300346675329,
      "percent": 0.008877760113575717,
      "avg_time": 9.257809998083763e-07,
      "p50": 6.669979484286159e-07,
      "p95": 2.125001628883183e-06,
      "p99": 2.5000008463393897e-06,
      "max": 5.541001883102581e-06,
      "count": 1735
    },
    "output": {
      "total_time": 0.0013381199896684848,
      "percent": 0.007395894744251944,
      "avg_time": 3.034285690858242e-06,
      "p50": 3.0000010156072676e-06,
      "p95": 3.7910031096544117e-06,
      "p99": 4.316600097808988e-06,
      "max": 6.457998097175732e-06,
      "count": 441
    }
  },
  "bottleneck": {
    "stage": "inference",
    "percent": 66.90661161630408
  }
}