{
  "total_time": 17.971456555911573,
  "total_frames": 1731,
  "stages": {
    "frame_loading": {
      "total_time": 5.2847712639922975,
      "percent": 29.40647157647282,
      "avg_time": 0.003053016328129577,
      "p50": 0.00035033300082432106,
      "p95": 0.015461896000488196,
      "p99": 0.022754091700335266,
      "max": 0.027447041000414174,
      "count": 1731
    },
    "preprocessing": {
      "total_time": 1.4455522909665888,
      "percent": 8.043601176506115,
      "avg_time": 0.003285346115833156,
      "p50": 0.003345624998473795,
      "p95": 0.0038203833515581204,
      "p99": 0.004057296880237119,
      "max": 0.004848541997489519,
      "count": 440
    },
    "inference": {
      "total_time": 11.237762532982742,
      "percent": 62.53117268497732,
      "avg_time": 0.006492063854987142,
      "p50": 0.006046166749911208,
      "p95": 0.009397458250532509,
      "p99": 0.012013652666306976,
      "max": 0.034234652666782495,
      "count": 1731
    },
    "postprocessing": {
      "total_time": 0.0017623570129217114,
      "percent": 0.009806422798501536,
      "avg_time": 1.0181149699143336e-06,
      "p50": 7.080016075633466e-07,
      "p95": 2.291999408043921e-06,
      "p99": 2.820699592120947e-06,
      "max": 1.6707999748177826e-05,
      "count": 1731
    },
    "output": {
      "total_time": 0.0016081109570222907,
      "percent": 0.008948139245248406,
      "avg_time": 3.654797629596115e-06,
      "p50": 3.6249984987080097e-06,
      "p95": 4.416050614963751e-06,
      "p99": 5.512999596248853e-06,
      "max": 9.16700082598254e-06,
      "count": 440
    }
  },
  "bottleneck": {
    "stage": "inference",
    "percent": 62.53117268497732
  }
}