{
  "total_time": 18.073752232896368,
  "total_frames": 1733,
  "stages": {
    "frame_loading": {
      "total_time": 5.091566498889733,
      "percent": 28.17105398635752,
      "avg_time": 0.002932930010881183,
      "p50": 0.00034927100023196544,
      "p95": 0.015476260501600336,
      "p99": 0.02349090009884094,
      "max": 0.09386366600301699,
      "count": 1736
    },
    "preprocessing": {
      "total_time": 1.4766053260209446,
      "percent": 8.169888061945146,
      "avg_time": 0.00334831139687289,
      "p50": 0.0032785000003059395,
      "p95": 0.0037942079979984555,
      "p99": 0.004114558598666918,
      "max": 0.05620291699960944,
      "count": 441
    },
    "inference": {
      "total_time": 11.50236786996902,
      "percent": 63.64128334698176,
      "avg_time": 0.006637257859185817,
      "p50": 0.006033302000105323,
      "p95": 0.009198712499710378,
      "p99": 0.01335064550003156,
      "max": 0.1813890419980453,
      "count": 1733
    },
    "postprocessing": {
      "total_time": 0.0017071299662347883,
      "percent": 0.009445354480004487,
      "avg_time": 9.850721097719495e-07,
      "p50": 7.079979695845395e-07,
      "p95": 2.249998942716047e-06,
      "p99": 2.5836791610345247e-06,
      "max": 1.0874999134102836e-05,
      "count": 1733
    },
    "output": {
      "total_time": 0.0015054080504341982,
      "percent": 0.008329250235566344,
      "avg_time": 3.413623697129701e-06,
      "p50": 3.3750002330634743e-06,
      "p95": 4.083001840626821e-06,
      "p99": 4.742199962493045e-06,
      "max": 9.208000847138464e-06,
      "count": 441
    }
  },
  "bottleneck": {
    "stage": "inference",
    "percent": 63.64128334698176
  }
}